EMI #,Booking #,Customer,Project,Plot,Agent,Month #,Amount,Mode,Due Date,Paid Date,Status
6a60a63e518ba0feb9813f43,BK-0001,Rahul Sharma,Green Valley,P-101,Agent,12,33333.333333333336,-,2027-07-22,-,pending
6a60a63e518ba0feb9813f42,BK-0001,Rahul Sharma,Green Valley,P-101,Agent,11,33333.333333333336,-,2027-06-22,-,pending
6a60a63e518ba0feb9813f41,BK-0001,Rahul Sharma,Green Valley,P-101,Agent,10,33333.333333333336,-,2027-05-22,-,pending
6a60a63e518ba0feb9813f40,BK-0001,Rahul Sharma,Green Valley,P-101,Agent,9,33333.333333333336,-,2027-04-22,-,pending
6a60a63e518ba0feb9813f3f,BK-0001,Rahul Sharma,Green Valley,P-101,Agent,8,33333.333333333336,-,2027-03-22,-,pending
6a60a63e518ba0feb9813f3e,BK-0001,Rahul Sharma,Green Valley,P-101,Agent,7,33333.333333333336,-,2027-02-22,-,pending
6a60a63e518ba0feb9813f3d,BK-0001,Rahul Sharma,Green Valley,P-101,Agent,6,33333.333333333336,-,2027-01-22,-,pending
6a60a63e518ba0feb9813f3c,BK-0001,Rahul Sharma,Green Valley,P-101,Agent,5,33333.333333333336,-,2026-12-22,-,pending
6a60a63e518ba0feb9813f3b,BK-0001,Rahul Sharma,Green Valley,P-101,Agent,4,33333.333333333336,-,2026-11-22,-,pending
6a60a63e518ba0feb9813f3a,BK-0001,Rahul Sharma,Green Valley,P-101,Agent,3,33333.333333333336,-,2026-10-22,-,pending
6a60a63e518ba0feb9813f39,BK-0001,Rahul Sharma,Green Valley,P-101,Agent,2,33333.333333333336,-,2026-09-22,-,pending
6a60a63e518ba0feb9813f38,BK-0001,Rahul Sharma,Green Valley,P-101,Agent,1,33333.333333333336,online,2026-08-22,2026-07-22,paid